-----------------------------------IMPORTANT : set linesize 200, et set pagesize 200 , pour eviter tout les problèmes et de répétitions des noms de colonnes ---------------
INSERT INTO CATEGORIE VALUES ('nature');
INSERT INTO CATEGORIE VALUES ('cinema');
INSERT INTO CATEGORIE VALUES ('documentaire');
INSERT INTO CATEGORIE VALUES ('humour');
INSERT INTO CATEGORIE VALUES ('talkshow');
INSERT INTO CATEGORIE VALUES ('serie');
INSERT INTO CATEGORIE VALUES ('Jeux teles');
INSERT INTO CATEGORIE VALUEs ('Investigation');
INSERT INTO CATEGORIE VALUES ('Information');

INSERT INTO EMISSION VALUES (1,'Manu dans le 6/10');
INSERT INTO EMISSION VALUES (2,'Quotidien');
INSERT INTO EMISSION VALUES (3,'C a vous ');
INSERT INTO EMISSION VALUES (4,'Casa de papel');
INSERT INTO EMISSION VALUES (5,'Journal');
INSERT INTO EMISSION VALUES (6,'Motus');
INSERT INTO EMISSION VALUES (7,'Envoye Special');

INSERT INTO UTILISATEUR VALUES (1,'c_spitz','123456789','spi','chris',TO_DATE('16-01-1999','DD-MM-YYYY'),'coucou@caco.fr','francais');
INSERT INTO UTILISATEUR VALUES (2,'mich_mich','987654321','michou','michel',TO_DATE('16-01-1999','DD-MM-YYYY'),'michel@caco.fr','allemand');
INSERT INTO UTILISATEUR VALUES (3,'leo_s','565656','leo','scapelli',TO_DATE('16-10-1998','DD-MM-YYYY'),'leo_s@coco.fr','italien');
INSERT INTO UTILISATEUR VALUES (4,'chaine','12345678','c','aine',TO_DATE('16-01-2000','DD-MM-YYYY'),'coucou@caco.fr','francais');

INSERT INTO CATEGORIE_EMISSION VALUES (1,'humour');
INSERT INTO CATEGORIE_EMISSION VALUEs (2,'talkshow');
INSERT INTO CATEGORIE_EMISSION VALUES (3,'talkshow');
INSERT INTO CATEGORIE_EMISSION VALUES (4,'serie');
INSERT INTO CATEGORIE_EMISSION VALUES (5,'Information');
INSERT INTO CATEGORIE_EMISSION VALUES (6,'Jeux teles');
INSERT INTO CATEGORIE_EMISSION VALUES (7,'Investigation');

INSERT INTO UTILISATEUR_CATEGORIE VALUES(1,'talkshow'); 
INSERT INTO UTILISATEUR_CATEGORIE VALUES(1,'humour');
INSERT INTO UTILISATEUR_CATEGORIE VALUES(2,'talkshow');
INSERT INTO UTILISATEUR_CATEGORIE VALUES(3,'Jeux teles');
INSERT INTO UTILISATEUR_CATEGORIE VALUES(4,'serie');

INSERT INTO VIDEO VALUES (1,2,'Episode 2',TO_TIMESTAMP('10-dec-2020 19:30:00','DD-MM-YYYY HH24:MI:SS'),'vide','france',120,'O');
INSERT INTO VIDEO VALUES (2,2,'Episode 3',TO_TIMESTAMP('11-dec-2020 19:30:00','DD-MM-YYYY HH24:MI:SS'),'vide','france',120,'O');

INSERT INTO VIDEO VALUES (3,3,'Episode 3',TO_TIMESTAMP('12-dec-2020 19:25:00','DD-MM-YYYY HH24:MI:SS'),' ','france',100,'N');

INSERT INTO VIDEO VALUES (4,4,'Saison 2 Episode 5',TO_TIMESTAMP('20-dec-2020 00:25:00','DD-MM-YYYY HH24:MI:SS'),'Un braquage rocambolesque ','espagnol',40,'O');

INSERT INTO VIDEO VALUES (5,7,'Les deserts fiscaux',TO_TIMESTAMP('15-dec-2020 21:05:00','DD-MM-YYYY HH24:MI:SS'),' ','france',130,'N');

INSERT INTO VIDEO VALUES (6,6,'Jour 42',TO_TIMESTAMP('17-dec-2020 11:05:00','DD-MM-YYYY HH24:MI:SS'),' ','france',30,'N');
INSERT INTO VIDEO VALUES (7,6,'Jour 43',TO_TIMESTAMP('18-dec-2020 11:05:00','DD-MM-YYYY HH24:MI:SS'),' ','france',30,'N');
INSERT INTO VIDEO VALUES (8,6,'Jour 44',TO_TIMESTAMP('18-dec-2020 11:05:00','DD-MM-YYYY HH24:MI:SS'),' ','france',30,'N');
INSERT INTO VIDEO VALUES (9,6,'Jour 45',TO_TIMESTAMP('19-dec-2020 11:05:00','DD-MM-YYYY HH24:MI:SS'),' ','france',30,'N');


INSERT INTO HISTORIQUE VALUES (1,1,TO_TIMESTAMP('20-dec-2020 19:30:00','DD-MM-YYYY HH24:MI:SS'));
INSERT INTO HISTORIQUE VALUES (1,2,TO_TIMESTAMP('20-dec-2020 11:00:00','DD-MM-YYYY HH24:MI:SS'));
INSERT INTO HISTORIQUE VALUES (2,1,TO_TIMESTAMP('20-dec-2020 12:00:00','DD-MM-YYYY HH24:MI:SS'));
INSERT INTO HISTORIQUE VALUES (3,1,TO_TIMESTAMP('20-dec-2020 13:00:00','DD-MM-YYYY HH24:MI:SS'));
INSERT INTO HISTORIQUE VALUES (3,2,TO_TIMESTAMP('20-dec-2020 14:00:00','DD-MM-YYYY HH24:MI:SS'));
INSERT INTO HISTORIQUE VALUES (4,1,TO_TIMESTAMP('21-dec-2020 19:00:00','DD-MM-YYYY HH24:MI:SS'));
INSERT INTO HISTORIQUE VALUES (4,5,TO_TIMESTAMP('21-dec-2020 19:00:00','DD-MM-YYYY HH24:MI:SS'));

-- test pour le dernier trigger
INSERT INTO HISTORIQUE VALUES (3,3,TO_TIMESTAMP('21-dec-2020 19:00:00','DD-MM-YYYY HH24:MI:SS'));
INSERT INTO HISTORIQUE VALUES (3,4,TO_TIMESTAMP('21-dec-2020 19:00:00','DD-MM-YYYY HH24:MI:SS'));
INSERT INTO HISTORIQUE VALUES (3,5,TO_TIMESTAMP('21-dec-2020 19:00:00','DD-MM-YYYY HH24:MI:SS'));
INSERT INTO HISTORIQUE VALUES (3,6,TO_TIMESTAMP('21-dec-2020 19:00:00','DD-MM-YYYY HH24:MI:SS'));

INSERT INTO FAVORIS VALUES (1,1);
INSERT INTO FAVORIS VALUES (1,2);
INSERT INTO FAVORIS VALUES (2,2);
INSERT INTO FAVORIS VALUES (2,1);
INSERT INTO FAVORIS VALUES (3,7);
INSERT INTO FAVORIS VALUES (4,6);
INSERT INTO FAVORIS VALUES (4,3);

INSERT INTO ABONNEMENT VALUES (1,1);
INSERT INTO ABONNEMENT VALUES (1,2);
INSERT INTO ABONNEMENT VALUES (2,1);
INSERT INTO ABONNEMENT VALUES (2,2);
INSERT INTO ABONNEMENT VALUES (4,5);
INSERT INTO ABONNEMENT VALUES (3,4);

INSERT INTO SUGGESTIONS VALUES (1,1);
INSERT INTO SUGGESTIONS VALUES (1,2);
INSERT INTO SUGGESTIONS VALUES (2,1);

INSERT INTO NEWSLETTER VALUES (1,'La newsletter de la semaine 1');
INSERT INTO NEWSLETTER VALUES (2,'La newsletter de la semaine 2');
